<?xml version="1.0" encoding="UTF-8"?>
<root>
<header>
<header>구분</header>
<header>통</header>
<header>반</header>
<header>세대수</header>
<header>인구수</header>
<header>남</header>
<header>여</header>
<header>전월대비세대증감</header>
<header>전월대비인구증감</header>
<header>데이터기준일자</header>
</header>
<Row>
<구분>고성동</구분>
<통>19</통>
<반>110</반>
<세대수>3052</세대수>
<인구수>6741</인구수>
<남>3387</남>
<여>3354</여>
<전월대비세대증감>9</전월대비세대증감>
<전월대비인구증감>8</전월대비인구증감>
<데이터기준일자>2014-03-31</데이터기준일자>
</Row>
<Row>
<구분>칠성동</구분>
<통>35</통>
<반>225</반>
<세대수>7985</세대수>
<인구수>20597</인구수>
<남>10080</남>
<여>10517</여>
<전월대비세대증감>53</전월대비세대증감>
<전월대비인구증감>65</전월대비인구증감>
<데이터기준일자>2014-03-31</데이터기준일자>
</Row>
<Row>
<구분>침산1동</구분>
<통>18</통>
<반>87</반>
<세대수>2360</세대수>
<인구수>5503</인구수>
<남>2948</남>
<여>2555</여>
<전월대비세대증감>-7</전월대비세대증감>
<전월대비인구증감>-21</전월대비인구증감>
<데이터기준일자>2014-03-31</데이터기준일자>
</Row>
<Row>
<구분>침산2동</구분>
<통>22</통>
<반>140</반>
<세대수>5611</세대수>
<인구수>16910</인구수>
<남>8323</남>
<여>8587</여>
<전월대비세대증감>94</전월대비세대증감>
<전월대비인구증감>248</전월대비인구증감>
<데이터기준일자>2014-03-31</데이터기준일자>
</Row>
<Row>
<구분>침산3동</구분>
<통>30</통>
<반>204</반>
<세대수>7495</세대수>
<인구수>22293</인구수>
<남>10926</남>
<여>11367</여>
<전월대비세대증감>33</전월대비세대증감>
<전월대비인구증감>58</전월대비인구증감>
<데이터기준일자>2014-03-31</데이터기준일자>
</Row>
<Row>
<구분>노원동</구분>
<통>32</통>
<반>172</반>
<세대수>5297</세대수>
<인구수>11802</인구수>
<남>6265</남>
<여>5537</여>
<전월대비세대증감>10</전월대비세대증감>
<전월대비인구증감>-1</전월대비인구증감>
<데이터기준일자>2014-03-31</데이터기준일자>
</Row>
<Row>
<구분>산격1동</구분>
<통>27</통>
<반>159</반>
<세대수>5708</세대수>
<인구수>12064</인구수>
<남>5987</남>
<여>6077</여>
<전월대비세대증감>15</전월대비세대증감>
<전월대비인구증감>-30</전월대비인구증감>
<데이터기준일자>2014-03-31</데이터기준일자>
</Row>
<Row>
<구분>산격2동</구분>
<통>21</통>
<반>142</반>
<세대수>4678</세대수>
<인구수>13081</인구수>
<남>6616</남>
<여>6465</여>
<전월대비세대증감>-6</전월대비세대증감>
<전월대비인구증감>-56</전월대비인구증감>
<데이터기준일자>2014-03-31</데이터기준일자>
</Row>
<Row>
<구분>산격3동</구분>
<통>24</통>
<반>127</반>
<세대수>4751</세대수>
<인구수>9711</인구수>
<남>4910</남>
<여>4801</여>
<전월대비세대증감>28</전월대비세대증감>
<전월대비인구증감>-9</전월대비인구증감>
<데이터기준일자>2014-03-31</데이터기준일자>
</Row>
<Row>
<구분>산격4동</구분>
<통>21</통>
<반>126</반>
<세대수>4424</세대수>
<인구수>10146</인구수>
<남>5189</남>
<여>4957</여>
<전월대비세대증감>-5</전월대비세대증감>
<전월대비인구증감>-36</전월대비인구증감>
<데이터기준일자>2014-03-31</데이터기준일자>
</Row>
<Row>
<구분>대현동</구분>
<통>33</통>
<반>202</반>
<세대수>7954</세대수>
<인구수>18011</인구수>
<남>9088</남>
<여>8923</여>
<전월대비세대증감>-9</전월대비세대증감>
<전월대비인구증감>-15</전월대비인구증감>
<데이터기준일자>2014-03-31</데이터기준일자>
</Row>
<Row>
<구분>복현1동</구분>
<통>15</통>
<반>79</반>
<세대수>3751</세대수>
<인구수>7399</인구수>
<남>3896</남>
<여>3503</여>
<전월대비세대증감>1</전월대비세대증감>
<전월대비인구증감>-56</전월대비인구증감>
<데이터기준일자>2014-03-31</데이터기준일자>
</Row>
<Row>
<구분>복현2동</구분>
<통>38</통>
<반>274</반>
<세대수>10834</세대수>
<인구수>30767</인구수>
<남>15294</남>
<여>15473</여>
<전월대비세대증감>314</전월대비세대증감>
<전월대비인구증감>815</전월대비인구증감>
<데이터기준일자>2014-03-31</데이터기준일자>
</Row>
<Row>
<구분>검단동</구분>
<통>16</통>
<반>95</반>
<세대수>3321</세대수>
<인구수>8555</인구수>
<남>4396</남>
<여>4159</여>
<전월대비세대증감>-7</전월대비세대증감>
<전월대비인구증감>-44</전월대비인구증감>
<데이터기준일자>2014-03-31</데이터기준일자>
</Row>
<Row>
<구분>무태조야동</구분>
<통>42</통>
<반>244</반>
<세대수>11632</세대수>
<인구수>31074</인구수>
<남>15854</남>
<여>15220</여>
<전월대비세대증감>3</전월대비세대증감>
<전월대비인구증감>-18</전월대비인구증감>
<데이터기준일자>2014-03-31</데이터기준일자>
</Row>
<Row>
<구분>관문동</구분>
<통>29</통>
<반>168</반>
<세대수>6244</세대수>
<인구수>17882</인구수>
<남>9013</남>
<여>8869</여>
<전월대비세대증감>17</전월대비세대증감>
<전월대비인구증감>-8</전월대비인구증감>
<데이터기준일자>2014-03-31</데이터기준일자>
</Row>
<Row>
<구분>태전1동</구분>
<통>31</통>
<반>197</반>
<세대수>8918</세대수>
<인구수>23470</인구수>
<남>11852</남>
<여>11618</여>
<전월대비세대증감>11</전월대비세대증감>
<전월대비인구증감>-5</전월대비인구증감>
<데이터기준일자>2014-03-31</데이터기준일자>
</Row>
<Row>
<구분>태전2동</구분>
<통>35</통>
<반>230</반>
<세대수>9342</세대수>
<인구수>25836</인구수>
<남>12893</남>
<여>12943</여>
<전월대비세대증감>10</전월대비세대증감>
<전월대비인구증감>-23</전월대비인구증감>
<데이터기준일자>2014-03-31</데이터기준일자>
</Row>
<Row>
<구분>구암동</구분>
<통>47</통>
<반>336</반>
<세대수>13629</세대수>
<인구수>41785</인구수>
<남>20806</남>
<여>20979</여>
<전월대비세대증감>-13</전월대비세대증감>
<전월대비인구증감>-29</전월대비인구증감>
<데이터기준일자>2014-03-31</데이터기준일자>
</Row>
<Row>
<구분>관음동</구분>
<통>29</통>
<반>192</반>
<세대수>7954</세대수>
<인구수>21358</인구수>
<남>10682</남>
<여>10676</여>
<전월대비세대증감>-17</전월대비세대증감>
<전월대비인구증감>-47</전월대비인구증감>
<데이터기준일자>2014-03-31</데이터기준일자>
</Row>
<Row>
<구분>읍내동</구분>
<통>39</통>
<반>237</반>
<세대수>10638</세대수>
<인구수>29525</인구수>
<남>14739</남>
<여>14786</여>
<전월대비세대증감>4</전월대비세대증감>
<전월대비인구증감>-37</전월대비인구증감>
<데이터기준일자>2014-03-31</데이터기준일자>
</Row>
<Row>
<구분>동천동</구분>
<통>33</통>
<반>249</반>
<세대수>10509</세대수>
<인구수>32409</인구수>
<남>15825</남>
<여>16584</여>
<전월대비세대증감>-9</전월대비세대증감>
<전월대비인구증감>-64</전월대비인구증감>
<데이터기준일자>2014-03-31</데이터기준일자>
</Row>
<Row>
<구분>국우동</구분>
<통>34</통>
<반>210</반>
<세대수>9549</세대수>
<인구수>26775</인구수>
<남>13414</남>
<여>13361</여>
<전월대비세대증감>3</전월대비세대증감>
<전월대비인구증감>-18</전월대비인구증감>
<데이터기준일자>2014-03-31</데이터기준일자>
</Row>
</root>
