<?xml version="1.0" encoding="UTF-8"?>
<root>
<header>
<header>구분</header>
<header>통</header>
<header>반</header>
<header>세대수</header>
<header>계</header>
<header>남</header>
<header>여</header>
<header>전월대비세대증감</header>
<header>전월대비인구증감</header>
<header>데이터기준일자</header>
</header>
<Row>
<구분>고성동</구분>
<통>19</통>
<반>109</반>
<세대수>2650</세대수>
<계>5499</계>
<남>2795</남>
<여>2704</여>
<전월대비세대증감>-34</전월대비세대증감>
<전월대비인구증감>-91</전월대비인구증감>
<데이터기준일자>2017-03-31</데이터기준일자>
</Row>
<Row>
<구분>칠성동</구분>
<통>36</통>
<반>240</반>
<세대수>8868</세대수>
<계>21794</계>
<남>10608</남>
<여>11186</여>
<전월대비세대증감>16</전월대비세대증감>
<전월대비인구증감>3</전월대비인구증감>
<데이터기준일자>2017-03-31</데이터기준일자>
</Row>
<Row>
<구분>침산1동</구분>
<통>18</통>
<반>87</반>
<세대수>2134</세대수>
<계>4777</계>
<남>2552</남>
<여>2225</여>
<전월대비세대증감>-11</전월대비세대증감>
<전월대비인구증감>-34</전월대비인구증감>
<데이터기준일자>2017-03-31</데이터기준일자>
</Row>
<Row>
<구분>침산2동</구분>
<통>22</통>
<반>141</반>
<세대수>5701</세대수>
<계>16855</계>
<남>8195</남>
<여>8660</여>
<전월대비세대증감>-8</전월대비세대증감>
<전월대비인구증감>-25</전월대비인구증감>
<데이터기준일자>2017-03-31</데이터기준일자>
</Row>
<Row>
<구분>침산3동</구분>
<통>30</통>
<반>204</반>
<세대수>7432</세대수>
<계>21612</계>
<남>10533</남>
<여>11079</여>
<전월대비세대증감>16</전월대비세대증감>
<전월대비인구증감>29</전월대비인구증감>
<데이터기준일자>2017-03-31</데이터기준일자>
</Row>
<Row>
<구분>노원동</구분>
<통>31</통>
<반>171</반>
<세대수>5046</세대수>
<계>10645</계>
<남>5659</남>
<여>4986</여>
<전월대비세대증감>-2</전월대비세대증감>
<전월대비인구증감>9</전월대비인구증감>
<데이터기준일자>2017-03-31</데이터기준일자>
</Row>
<Row>
<구분>산격1동</구분>
<통>27</통>
<반>159</반>
<세대수>5468</세대수>
<계>10960</계>
<남>5462</남>
<여>5498</여>
<전월대비세대증감>-4</전월대비세대증감>
<전월대비인구증감>-49</전월대비인구증감>
<데이터기준일자>2017-03-31</데이터기준일자>
</Row>
<Row>
<구분>산격2동</구분>
<통>21</통>
<반>142</반>
<세대수>4669</세대수>
<계>12263</계>
<남>6167</남>
<여>6096</여>
<전월대비세대증감>-11</전월대비세대증감>
<전월대비인구증감>-21</전월대비인구증감>
<데이터기준일자>2017-03-31</데이터기준일자>
</Row>
<Row>
<구분>산격3동</구분>
<통>24</통>
<반>127</반>
<세대수>4934</세대수>
<계>9112</계>
<남>4674</남>
<여>4438</여>
<전월대비세대증감>32</전월대비세대증감>
<전월대비인구증감>20</전월대비인구증감>
<데이터기준일자>2017-03-31</데이터기준일자>
</Row>
<Row>
<구분>산격4동</구분>
<통>21</통>
<반>126</반>
<세대수>4278</세대수>
<계>9365</계>
<남>4837</남>
<여>4528</여>
<전월대비세대증감>1</전월대비세대증감>
<전월대비인구증감>-5</전월대비인구증감>
<데이터기준일자>2017-03-31</데이터기준일자>
</Row>
<Row>
<구분>대 현 동</구분>
<통>32</통>
<반>198</반>
<세대수>8927</세대수>
<계>19813</계>
<남>9926</남>
<여>9887</여>
<전월대비세대증감>31</전월대비세대증감>
<전월대비인구증감>38</전월대비인구증감>
<데이터기준일자>2017-03-31</데이터기준일자>
</Row>
<Row>
<구분>복현1동</구분>
<통>15</통>
<반>79</반>
<세대수>4008</세대수>
<계>7243</계>
<남>3919</남>
<여>3324</여>
<전월대비세대증감>23</전월대비세대증감>
<전월대비인구증감>14</전월대비인구증감>
<데이터기준일자>2017-03-31</데이터기준일자>
</Row>
<Row>
<구분>복현2동</구분>
<통>37</통>
<반>272</반>
<세대수>11465</세대수>
<계>31543</계>
<남>15617</남>
<여>15926</여>
<전월대비세대증감>-11</전월대비세대증감>
<전월대비인구증감>-41</전월대비인구증감>
<데이터기준일자>2017-03-31</데이터기준일자>
</Row>
<Row>
<구분>검단동</구분>
<통>16</통>
<반>95</반>
<세대수>3245</세대수>
<계>7788</계>
<남>3961</남>
<여>3827</여>
<전월대비세대증감>6</전월대비세대증감>
<전월대비인구증감>-8</전월대비인구증감>
<데이터기준일자>2017-03-31</데이터기준일자>
</Row>
<Row>
<구분>무태조야동</구분>
<통>42</통>
<반>244</반>
<세대수>11458</세대수>
<계>29824</계>
<남>15221</남>
<여>14603</여>
<전월대비세대증감>0</전월대비세대증감>
<전월대비인구증감>-26</전월대비인구증감>
<데이터기준일자>2017-03-31</데이터기준일자>
</Row>
<Row>
<구분>관문동</구분>
<통>45</통>
<반>240</반>
<세대수>10979</세대수>
<계>28230</계>
<남>14088</남>
<여>14142</여>
<전월대비세대증감>93</전월대비세대증감>
<전월대비인구증감>153</전월대비인구증감>
<데이터기준일자>2017-03-31</데이터기준일자>
</Row>
<Row>
<구분>태전1동</구분>
<통>32</통>
<반>205</반>
<세대수>9484</세대수>
<계>23949</계>
<남>12115</남>
<여>11834</여>
<전월대비세대증감>8</전월대비세대증감>
<전월대비인구증감>10</전월대비인구증감>
<데이터기준일자>2017-03-31</데이터기준일자>
</Row>
<Row>
<구분>태전2동</구분>
<통>35</통>
<반>230</반>
<세대수>9369</세대수>
<계>24212</계>
<남>12012</남>
<여>12200</여>
<전월대비세대증감>10</전월대비세대증감>
<전월대비인구증감>-29</전월대비인구증감>
<데이터기준일자>2017-03-31</데이터기준일자>
</Row>
<Row>
<구분>구암동</구분>
<통>45</통>
<반>314</반>
<세대수>13468</세대수>
<계>39615</계>
<남>19659</남>
<여>19956</여>
<전월대비세대증감>6</전월대비세대증감>
<전월대비인구증감>-44</전월대비인구증감>
<데이터기준일자>2017-03-31</데이터기준일자>
</Row>
<Row>
<구분>관음동</구분>
<통>29</통>
<반>192</반>
<세대수>7610</세대수>
<계>19414</계>
<남>9666</남>
<여>9748</여>
<전월대비세대증감>-9</전월대비세대증감>
<전월대비인구증감>-14</전월대비인구증감>
<데이터기준일자>2017-03-31</데이터기준일자>
</Row>
<Row>
<구분>읍내동</구분>
<통>40</통>
<반>231</반>
<세대수>10561</세대수>
<계>27892</계>
<남>13928</남>
<여>13964</여>
<전월대비세대증감>10</전월대비세대증감>
<전월대비인구증감>-71</전월대비인구증감>
<데이터기준일자>2017-03-31</데이터기준일자>
</Row>
<Row>
<구분>동천동</구분>
<통>35</통>
<반>252</반>
<세대수>10459</세대수>
<계>31252</계>
<남>15252</남>
<여>16000</여>
<전월대비세대증감>10</전월대비세대증감>
<전월대비인구증감>-18</전월대비인구증감>
<데이터기준일자>2017-03-31</데이터기준일자>
</Row>
<Row>
<구분>국우동</구분>
<통>34</통>
<반>210</반>
<세대수>9640</세대수>
<계>26037</계>
<남>13035</남>
<여>13002</여>
<전월대비세대증감>14</전월대비세대증감>
<전월대비인구증감>7</전월대비인구증감>
<데이터기준일자>2017-03-31</데이터기준일자>
</Row>
</root>
