<?xml version="1.0" encoding="UTF-8"?>
<root>
<header>
<header>구분</header>
<header>통</header>
<header>반</header>
<header>세대수</header>
<header>계</header>
<header>남</header>
<header>여</header>
<header>전월대비세대증감</header>
<header>전월대비인구증감</header>
<header>데이터기준일자</header>
</header>
<Row>
<구분>고성동</구분>
<통>19</통>
<반>109</반>
<세대수>2639</세대수>
<계>5476</계>
<남>2783</남>
<여>2693</여>
<전월대비세대증감>-11</전월대비세대증감>
<전월대비인구증감>-23</전월대비인구증감>
<데이터기준일자>2017-04-30</데이터기준일자>
</Row>
<Row>
<구분>칠성동</구분>
<통>36</통>
<반>240</반>
<세대수>8861</세대수>
<계>21791</계>
<남>10608</남>
<여>11183</여>
<전월대비세대증감>-7</전월대비세대증감>
<전월대비인구증감>-3</전월대비인구증감>
<데이터기준일자>2017-04-30</데이터기준일자>
</Row>
<Row>
<구분>침산1동</구분>
<통>18</통>
<반>87</반>
<세대수>2141</세대수>
<계>4788</계>
<남>2563</남>
<여>2225</여>
<전월대비세대증감>7</전월대비세대증감>
<전월대비인구증감>11</전월대비인구증감>
<데이터기준일자>2017-04-30</데이터기준일자>
</Row>
<Row>
<구분>침산2동</구분>
<통>22</통>
<반>141</반>
<세대수>5708</세대수>
<계>16869</계>
<남>8202</남>
<여>8667</여>
<전월대비세대증감>7</전월대비세대증감>
<전월대비인구증감>14</전월대비인구증감>
<데이터기준일자>2017-04-30</데이터기준일자>
</Row>
<Row>
<구분>침산3동</구분>
<통>30</통>
<반>204</반>
<세대수>7434</세대수>
<계>21606</계>
<남>10533</남>
<여>11073</여>
<전월대비세대증감>2</전월대비세대증감>
<전월대비인구증감>-6</전월대비인구증감>
<데이터기준일자>2017-04-30</데이터기준일자>
</Row>
<Row>
<구분>노원동</구분>
<통>31</통>
<반>171</반>
<세대수>5055</세대수>
<계>10654</계>
<남>5660</남>
<여>4994</여>
<전월대비세대증감>9</전월대비세대증감>
<전월대비인구증감>9</전월대비인구증감>
<데이터기준일자>2017-04-30</데이터기준일자>
</Row>
<Row>
<구분>산격1동</구분>
<통>27</통>
<반>159</반>
<세대수>5463</세대수>
<계>10925</계>
<남>5439</남>
<여>5486</여>
<전월대비세대증감>-5</전월대비세대증감>
<전월대비인구증감>-35</전월대비인구증감>
<데이터기준일자>2017-04-30</데이터기준일자>
</Row>
<Row>
<구분>산격2동</구분>
<통>21</통>
<반>142</반>
<세대수>4662</세대수>
<계>12226</계>
<남>6147</남>
<여>6079</여>
<전월대비세대증감>-7</전월대비세대증감>
<전월대비인구증감>-37</전월대비인구증감>
<데이터기준일자>2017-04-30</데이터기준일자>
</Row>
<Row>
<구분>산격3동</구분>
<통>24</통>
<반>127</반>
<세대수>4950</세대수>
<계>9124</계>
<남>4686</남>
<여>4438</여>
<전월대비세대증감>16</전월대비세대증감>
<전월대비인구증감>12</전월대비인구증감>
<데이터기준일자>2017-04-30</데이터기준일자>
</Row>
<Row>
<구분>산격4동</구분>
<통>21</통>
<반>126</반>
<세대수>4270</세대수>
<계>9348</계>
<남>4827</남>
<여>4521</여>
<전월대비세대증감>-8</전월대비세대증감>
<전월대비인구증감>-17</전월대비인구증감>
<데이터기준일자>2017-04-30</데이터기준일자>
</Row>
<Row>
<구분>대 현 동</구분>
<통>32</통>
<반>198</반>
<세대수>8921</세대수>
<계>19810</계>
<남>9920</남>
<여>9890</여>
<전월대비세대증감>-6</전월대비세대증감>
<전월대비인구증감>-3</전월대비인구증감>
<데이터기준일자>2017-04-30</데이터기준일자>
</Row>
<Row>
<구분>복현1동</구분>
<통>15</통>
<반>79</반>
<세대수>4021</세대수>
<계>7255</계>
<남>3928</남>
<여>3327</여>
<전월대비세대증감>13</전월대비세대증감>
<전월대비인구증감>12</전월대비인구증감>
<데이터기준일자>2017-04-30</데이터기준일자>
</Row>
<Row>
<구분>복현2동</구분>
<통>37</통>
<반>272</반>
<세대수>11471</세대수>
<계>31556</계>
<남>15623</남>
<여>15933</여>
<전월대비세대증감>6</전월대비세대증감>
<전월대비인구증감>13</전월대비인구증감>
<데이터기준일자>2017-04-30</데이터기준일자>
</Row>
<Row>
<구분>검단동</구분>
<통>16</통>
<반>95</반>
<세대수>3242</세대수>
<계>7762</계>
<남>3944</남>
<여>3818</여>
<전월대비세대증감>-3</전월대비세대증감>
<전월대비인구증감>-26</전월대비인구증감>
<데이터기준일자>2017-04-30</데이터기준일자>
</Row>
<Row>
<구분>무태조야동</구분>
<통>42</통>
<반>244</반>
<세대수>11432</세대수>
<계>29763</계>
<남>15178</남>
<여>14585</여>
<전월대비세대증감>-26</전월대비세대증감>
<전월대비인구증감>-61</전월대비인구증감>
<데이터기준일자>2017-04-30</데이터기준일자>
</Row>
<Row>
<구분>관문동</구분>
<통>45</통>
<반>240</반>
<세대수>11017</세대수>
<계>28306</계>
<남>14111</남>
<여>14195</여>
<전월대비세대증감>38</전월대비세대증감>
<전월대비인구증감>76</전월대비인구증감>
<데이터기준일자>2017-04-30</데이터기준일자>
</Row>
<Row>
<구분>태전1동</구분>
<통>32</통>
<반>205</반>
<세대수>9482</세대수>
<계>23923</계>
<남>12096</남>
<여>11827</여>
<전월대비세대증감>-2</전월대비세대증감>
<전월대비인구증감>-26</전월대비인구증감>
<데이터기준일자>2017-04-30</데이터기준일자>
</Row>
<Row>
<구분>태전2동</구분>
<통>35</통>
<반>230</반>
<세대수>9361</세대수>
<계>24234</계>
<남>12015</남>
<여>12219</여>
<전월대비세대증감>-8</전월대비세대증감>
<전월대비인구증감>22</전월대비인구증감>
<데이터기준일자>2017-04-30</데이터기준일자>
</Row>
<Row>
<구분>구암동</구분>
<통>45</통>
<반>314</반>
<세대수>13464</세대수>
<계>39581</계>
<남>19627</남>
<여>19954</여>
<전월대비세대증감>-4</전월대비세대증감>
<전월대비인구증감>-34</전월대비인구증감>
<데이터기준일자>2017-04-30</데이터기준일자>
</Row>
<Row>
<구분>관음동</구분>
<통>29</통>
<반>192</반>
<세대수>7619</세대수>
<계>19390</계>
<남>9659</남>
<여>9731</여>
<전월대비세대증감>9</전월대비세대증감>
<전월대비인구증감>-24</전월대비인구증감>
<데이터기준일자>2017-04-30</데이터기준일자>
</Row>
<Row>
<구분>읍내동</구분>
<통>40</통>
<반>231</반>
<세대수>10586</세대수>
<계>27870</계>
<남>13913</남>
<여>13957</여>
<전월대비세대증감>25</전월대비세대증감>
<전월대비인구증감>-22</전월대비인구증감>
<데이터기준일자>2017-04-30</데이터기준일자>
</Row>
<Row>
<구분>동천동</구분>
<통>35</통>
<반>252</반>
<세대수>10454</세대수>
<계>31212</계>
<남>15230</남>
<여>15982</여>
<전월대비세대증감>-5</전월대비세대증감>
<전월대비인구증감>-40</전월대비인구증감>
<데이터기준일자>2017-04-30</데이터기준일자>
</Row>
<Row>
<구분>국우동</구분>
<통>34</통>
<반>210</반>
<세대수>9658</세대수>
<계>26071</계>
<남>13041</남>
<여>13030</여>
<전월대비세대증감>18</전월대비세대증감>
<전월대비인구증감>34</전월대비인구증감>
<데이터기준일자>2017-04-30</데이터기준일자>
</Row>
</root>
