<?xml version="1.0" encoding="UTF-8"?>
<root>
<header>
<header>구분</header>
<header>통</header>
<header>반</header>
<header>세대수</header>
<header>인구수</header>
<header>남</header>
<header>여</header>
<header>전월대비세대증감</header>
<header>전월대비인구증감</header>
<header>데이터기준일자</header>
</header>
<Row>
<구분>고성동</구분>
<통>19</통>
<반>110</반>
<세대수>3056</세대수>
<인구수>6785</인구수>
<남>3424</남>
<여>3361</여>
<전월대비세대증감>-8</전월대비세대증감>
<전월대비인구증감>-7</전월대비인구증감>
<데이터기준일자>2014-01-31</데이터기준일자>
</Row>
<Row>
<구분>칠성동</구분>
<통>35</통>
<반>225</반>
<세대수>7918</세대수>
<인구수>20558</인구수>
<남>10056</남>
<여>10502</여>
<전월대비세대증감>41</전월대비세대증감>
<전월대비인구증감>29</전월대비인구증감>
<데이터기준일자>2014-01-31</데이터기준일자>
</Row>
<Row>
<구분>침산1동</구분>
<통>18</통>
<반>87</반>
<세대수>2376</세대수>
<인구수>5539</인구수>
<남>2972</남>
<여>2567</여>
<전월대비세대증감>-5</전월대비세대증감>
<전월대비인구증감>-6</전월대비인구증감>
<데이터기준일자>2014-01-31</데이터기준일자>
</Row>
<Row>
<구분>침산2동</구분>
<통>22</통>
<반>139</반>
<세대수>5523</세대수>
<인구수>16694</인구수>
<남>8189</남>
<여>8505</여>
<전월대비세대증감>-16</전월대비세대증감>
<전월대비인구증감>-19</전월대비인구증감>
<데이터기준일자>2014-01-31</데이터기준일자>
</Row>
<Row>
<구분>침산3동</구분>
<통>30</통>
<반>204</반>
<세대수>7451</세대수>
<인구수>22221</인구수>
<남>10894</남>
<여>11327</여>
<전월대비세대증감>26</전월대비세대증감>
<전월대비인구증감>59</전월대비인구증감>
<데이터기준일자>2014-01-31</데이터기준일자>
</Row>
<Row>
<구분>노원동</구분>
<통>32</통>
<반>172</반>
<세대수>5297</세대수>
<인구수>11859</인구수>
<남>6300</남>
<여>5559</여>
<전월대비세대증감>-15</전월대비세대증감>
<전월대비인구증감>-49</전월대비인구증감>
<데이터기준일자>2014-01-31</데이터기준일자>
</Row>
<Row>
<구분>산격1동</구분>
<통>27</통>
<반>159</반>
<세대수>5712</세대수>
<인구수>12162</인구수>
<남>6047</남>
<여>6115</여>
<전월대비세대증감>-8</전월대비세대증감>
<전월대비인구증감>-45</전월대비인구증감>
<데이터기준일자>2014-01-31</데이터기준일자>
</Row>
<Row>
<구분>산격2동</구분>
<통>21</통>
<반>142</반>
<세대수>4704</세대수>
<인구수>13237</인구수>
<남>6684</남>
<여>6553</여>
<전월대비세대증감>-19</전월대비세대증감>
<전월대비인구증감>-97</전월대비인구증감>
<데이터기준일자>2014-01-31</데이터기준일자>
</Row>
<Row>
<구분>산격3동</구분>
<통>24</통>
<반>127</반>
<세대수>4719</세대수>
<인구수>9738</인구수>
<남>4943</남>
<여>4795</여>
<전월대비세대증감>-10</전월대비세대증감>
<전월대비인구증감>-37</전월대비인구증감>
<데이터기준일자>2014-01-31</데이터기준일자>
</Row>
<Row>
<구분>산격4동</구분>
<통>21</통>
<반>126</반>
<세대수>4433</세대수>
<인구수>10212</인구수>
<남>5230</남>
<여>4982</여>
<전월대비세대증감>-4</전월대비세대증감>
<전월대비인구증감>-27</전월대비인구증감>
<데이터기준일자>2014-01-31</데이터기준일자>
</Row>
<Row>
<구분>대현동</구분>
<통>33</통>
<반>202</반>
<세대수>7953</세대수>
<인구수>18079</인구수>
<남>9146</남>
<여>8933</여>
<전월대비세대증감>-3</전월대비세대증감>
<전월대비인구증감>-28</전월대비인구증감>
<데이터기준일자>2014-01-31</데이터기준일자>
</Row>
<Row>
<구분>복현1동</구분>
<통>15</통>
<반>79</반>
<세대수>3725</세대수>
<인구수>7470</인구수>
<남>3906</남>
<여>3564</여>
<전월대비세대증감>9</전월대비세대증감>
<전월대비인구증감>-26</전월대비인구증감>
<데이터기준일자>2014-01-31</데이터기준일자>
</Row>
<Row>
<구분>복현2동</구분>
<통>38</통>
<반>274</반>
<세대수>10113</세대수>
<인구수>28827</인구수>
<남>14336</남>
<여>14491</여>
<전월대비세대증감>47</전월대비세대증감>
<전월대비인구증감>41</전월대비인구증감>
<데이터기준일자>2014-01-31</데이터기준일자>
</Row>
<Row>
<구분>검단동</구분>
<통>16</통>
<반>95</반>
<세대수>3339</세대수>
<인구수>8684</인구수>
<남>4471</남>
<여>4213</여>
<전월대비세대증감>-2</전월대비세대증감>
<전월대비인구증감>-29</전월대비인구증감>
<데이터기준일자>2014-01-31</데이터기준일자>
</Row>
<Row>
<구분>무태조야동</구분>
<통>42</통>
<반>244</반>
<세대수>11675</세대수>
<인구수>31375</인구수>
<남>15994</남>
<여>15381</여>
<전월대비세대증감>-37</전월대비세대증감>
<전월대비인구증감>-119</전월대비인구증감>
<데이터기준일자>2014-01-31</데이터기준일자>
</Row>
<Row>
<구분>관문동</구분>
<통>29</통>
<반>168</반>
<세대수>6247</세대수>
<인구수>17979</인구수>
<남>9081</남>
<여>8898</여>
<전월대비세대증감>-21</전월대비세대증감>
<전월대비인구증감>-59</전월대비인구증감>
<데이터기준일자>2014-01-31</데이터기준일자>
</Row>
<Row>
<구분>태전1동</구분>
<통>31</통>
<반>197</반>
<세대수>8903</세대수>
<인구수>23548</인구수>
<남>11909</남>
<여>11639</여>
<전월대비세대증감>-50</전월대비세대증감>
<전월대비인구증감>-147</전월대비인구증감>
<데이터기준일자>2014-01-31</데이터기준일자>
</Row>
<Row>
<구분>태전2동</구분>
<통>35</통>
<반>230</반>
<세대수>9328</세대수>
<인구수>25892</인구수>
<남>12916</남>
<여>12976</여>
<전월대비세대증감>-17</전월대비세대증감>
<전월대비인구증감>-10</전월대비인구증감>
<데이터기준일자>2014-01-31</데이터기준일자>
</Row>
<Row>
<구분>구암동</구분>
<통>47</통>
<반>336</반>
<세대수>13681</세대수>
<인구수>41954</인구수>
<남>20894</남>
<여>21060</여>
<전월대비세대증감>-12</전월대비세대증감>
<전월대비인구증감>-41</전월대비인구증감>
<데이터기준일자>2014-01-31</데이터기준일자>
</Row>
<Row>
<구분>관음동</구분>
<통>29</통>
<반>192</반>
<세대수>7988</세대수>
<인구수>21539</인구수>
<남>10776</남>
<여>10763</여>
<전월대비세대증감>-17</전월대비세대증감>
<전월대비인구증감>-73</전월대비인구증감>
<데이터기준일자>2014-01-31</데이터기준일자>
</Row>
<Row>
<구분>읍내동</구분>
<통>39</통>
<반>237</반>
<세대수>10631</세대수>
<인구수>29631</인구수>
<남>14794</남>
<여>14837</여>
<전월대비세대증감>2</전월대비세대증감>
<전월대비인구증감>-74</전월대비인구증감>
<데이터기준일자>2014-01-31</데이터기준일자>
</Row>
<Row>
<구분>동천동</구분>
<통>33</통>
<반>249</반>
<세대수>10549</세대수>
<인구수>32630</인구수>
<남>15918</남>
<여>16712</여>
<전월대비세대증감>-11</전월대비세대증감>
<전월대비인구증감>-14</전월대비인구증감>
<데이터기준일자>2014-01-31</데이터기준일자>
</Row>
<Row>
<구분>국우동</구분>
<통>34</통>
<반>210</반>
<세대수>9580</세대수>
<인구수>26905</인구수>
<남>13481</남>
<여>13424</여>
<전월대비세대증감>-10</전월대비세대증감>
<전월대비인구증감>-63</전월대비인구증감>
<데이터기준일자>2014-01-31</데이터기준일자>
</Row>
</root>
