<?xml version="1.0" encoding="UTF-8"?>
<root>
<header>
<header>구분</header>
<header>통</header>
<header>반</header>
<header>세대수</header>
<header>인구수</header>
<header>남</header>
<header>여</header>
<header>전월대비세대증감</header>
<header>전월대비인구증감</header>
<header>데이터기준일자</header>
</header>
<Row>
<구분>고성동</구분>
<통>19</통>
<반>110</반>
<세대수>3070</세대수>
<인구수>6811</인구수>
<남>3442</남>
<여>3369</여>
<전월대비세대증감>-5</전월대비세대증감>
<전월대비인구증감>-20</전월대비인구증감>
<데이터기준일자>2013-11-30</데이터기준일자>
</Row>
<Row>
<구분>칠성동</구분>
<통>35</통>
<반>225</반>
<세대수>7859</세대수>
<인구수>20534</인구수>
<남>10026</남>
<여>10508</여>
<전월대비세대증감>-11</전월대비세대증감>
<전월대비인구증감>-22</전월대비인구증감>
<데이터기준일자>2013-11-30</데이터기준일자>
</Row>
<Row>
<구분>침산1동</구분>
<통>18</통>
<반>87</반>
<세대수>2383</세대수>
<인구수>5580</인구수>
<남>2988</남>
<여>2592</여>
<전월대비세대증감>-9</전월대비세대증감>
<전월대비인구증감>-50</전월대비인구증감>
<데이터기준일자>2013-11-30</데이터기준일자>
</Row>
<Row>
<구분>침산2동</구분>
<통>22</통>
<반>139</반>
<세대수>5531</세대수>
<인구수>16718</인구수>
<남>8200</남>
<여>8518</여>
<전월대비세대증감>-13</전월대비세대증감>
<전월대비인구증감>-43</전월대비인구증감>
<데이터기준일자>2013-11-30</데이터기준일자>
</Row>
<Row>
<구분>침산3동</구분>
<통>30</통>
<반>204</반>
<세대수>7356</세대수>
<인구수>21975</인구수>
<남>10789</남>
<여>11186</여>
<전월대비세대증감>165</전월대비세대증감>
<전월대비인구증감>469</전월대비인구증감>
<데이터기준일자>2013-11-30</데이터기준일자>
</Row>
<Row>
<구분>노원동</구분>
<통>32</통>
<반>172</반>
<세대수>5319</세대수>
<인구수>11946</인구수>
<남>6347</남>
<여>5599</여>
<전월대비세대증감>1</전월대비세대증감>
<전월대비인구증감>-27</전월대비인구증감>
<데이터기준일자>2013-11-30</데이터기준일자>
</Row>
<Row>
<구분>산격1동</구분>
<통>27</통>
<반>159</반>
<세대수>5718</세대수>
<인구수>12242</인구수>
<남>6091</남>
<여>6151</여>
<전월대비세대증감>-11</전월대비세대증감>
<전월대비인구증감>-51</전월대비인구증감>
<데이터기준일자>2013-11-30</데이터기준일자>
</Row>
<Row>
<구분>산격2동</구분>
<통>21</통>
<반>142</반>
<세대수>4720</세대수>
<인구수>13366</인구수>
<남>6758</남>
<여>6608</여>
<전월대비세대증감>-11</전월대비세대증감>
<전월대비인구증감>-11</전월대비인구증감>
<데이터기준일자>2013-11-30</데이터기준일자>
</Row>
<Row>
<구분>산격3동</구분>
<통>24</통>
<반>127</반>
<세대수>4733</세대수>
<인구수>9816</인구수>
<남>4984</남>
<여>4832</여>
<전월대비세대증감>-1</전월대비세대증감>
<전월대비인구증감>-15</전월대비인구증감>
<데이터기준일자>2013-11-30</데이터기준일자>
</Row>
<Row>
<구분>산격4동</구분>
<통>21</통>
<반>126</반>
<세대수>4445</세대수>
<인구수>10275</인구수>
<남>5272</남>
<여>5003</여>
<전월대비세대증감>7</전월대비세대증감>
<전월대비인구증감>-16</전월대비인구증감>
<데이터기준일자>2013-11-30</데이터기준일자>
</Row>
<Row>
<구분>대현동</구분>
<통>33</통>
<반>202</반>
<세대수>7951</세대수>
<인구수>18112</인구수>
<남>9165</남>
<여>8947</여>
<전월대비세대증감>2</전월대비세대증감>
<전월대비인구증감>-50</전월대비인구증감>
<데이터기준일자>2013-11-30</데이터기준일자>
</Row>
<Row>
<구분>복현1동</구분>
<통>15</통>
<반>79</반>
<세대수>3706</세대수>
<인구수>7485</인구수>
<남>3922</남>
<여>3563</여>
<전월대비세대증감>-13</전월대비세대증감>
<전월대비인구증감>-43</전월대비인구증감>
<데이터기준일자>2013-11-30</데이터기준일자>
</Row>
<Row>
<구분>복현2동</구분>
<통>38</통>
<반>275</반>
<세대수>10063</세대수>
<인구수>28826</인구수>
<남>14333</남>
<여>14493</여>
<전월대비세대증감>-1</전월대비세대증감>
<전월대비인구증감>-13</전월대비인구증감>
<데이터기준일자>2013-11-30</데이터기준일자>
</Row>
<Row>
<구분>검단동</구분>
<통>16</통>
<반>95</반>
<세대수>3345</세대수>
<인구수>8727</인구수>
<남>4495</남>
<여>4232</여>
<전월대비세대증감>-9</전월대비세대증감>
<전월대비인구증감>-31</전월대비인구증감>
<데이터기준일자>2013-11-30</데이터기준일자>
</Row>
<Row>
<구분>무태조야동</구분>
<통>42</통>
<반>244</반>
<세대수>11715</세대수>
<인구수>31531</인구수>
<남>16076</남>
<여>15455</여>
<전월대비세대증감>6</전월대비세대증감>
<전월대비인구증감>-31</전월대비인구증감>
<데이터기준일자>2013-11-30</데이터기준일자>
</Row>
<Row>
<구분>관문동</구분>
<통>29</통>
<반>168</반>
<세대수>6250</세대수>
<인구수>18029</인구수>
<남>9111</남>
<여>8918</여>
<전월대비세대증감>-5</전월대비세대증감>
<전월대비인구증감>-32</전월대비인구증감>
<데이터기준일자>2013-11-30</데이터기준일자>
</Row>
<Row>
<구분>태전1동</구분>
<통>31</통>
<반>197</반>
<세대수>8974</세대수>
<인구수>23770</인구수>
<남>12035</남>
<여>11735</여>
<전월대비세대증감>5</전월대비세대증감>
<전월대비인구증감>-16</전월대비인구증감>
<데이터기준일자>2013-11-30</데이터기준일자>
</Row>
<Row>
<구분>태전2동</구분>
<통>35</통>
<반>230</반>
<세대수>9346</세대수>
<인구수>25980</인구수>
<남>12941</남>
<여>13039</여>
<전월대비세대증감>33</전월대비세대증감>
<전월대비인구증감>63</전월대비인구증감>
<데이터기준일자>2013-11-30</데이터기준일자>
</Row>
<Row>
<구분>구암동</구분>
<통>47</통>
<반>336</반>
<세대수>13709</세대수>
<인구수>42154</인구수>
<남>20988</남>
<여>21166</여>
<전월대비세대증감>19</전월대비세대증감>
<전월대비인구증감>-37</전월대비인구증감>
<데이터기준일자>2013-11-30</데이터기준일자>
</Row>
<Row>
<구분>관음동</구분>
<통>29</통>
<반>192</반>
<세대수>7997</세대수>
<인구수>21640</인구수>
<남>10832</남>
<여>10808</여>
<전월대비세대증감>-14</전월대비세대증감>
<전월대비인구증감>-19</전월대비인구증감>
<데이터기준일자>2013-11-30</데이터기준일자>
</Row>
<Row>
<구분>읍내동</구분>
<통>39</통>
<반>237</반>
<세대수>10619</세대수>
<인구수>29732</인구수>
<남>14834</남>
<여>14898</여>
<전월대비세대증감>-43</전월대비세대증감>
<전월대비인구증감>-124</전월대비인구증감>
<데이터기준일자>2013-11-30</데이터기준일자>
</Row>
<Row>
<구분>동천동</구분>
<통>33</통>
<반>249</반>
<세대수>10559</세대수>
<인구수>32711</인구수>
<남>15945</남>
<여>16766</여>
<전월대비세대증감>-4</전월대비세대증감>
<전월대비인구증감>-34</전월대비인구증감>
<데이터기준일자>2013-11-30</데이터기준일자>
</Row>
<Row>
<구분>국우동</구분>
<통>34</통>
<반>210</반>
<세대수>9575</세대수>
<인구수>26984</인구수>
<남>13506</남>
<여>13478</여>
<전월대비세대증감>7</전월대비세대증감>
<전월대비인구증감>-2</전월대비인구증감>
<데이터기준일자>2013-11-30</데이터기준일자>
</Row>
</root>
