<?xml version="1.0" encoding="UTF-8"?>
<root>
<header>
<header>구분</header>
<header>통</header>
<header>반</header>
<header>세대수</header>
<header>인구수</header>
<header>남</header>
<header>여</header>
<header>전월대비세대증감</header>
<header>전월대비인구증감</header>
<header>데이터기준일자</header>
</header>
<Row>
<구분>고성동</구분>
<통>19</통>
<반>110</반>
<세대수>3064</세대수>
<인구수>6792</인구수>
<남>3433</남>
<여>3359</여>
<전월대비세대증감>-6</전월대비세대증감>
<전월대비인구증감>-19</전월대비인구증감>
<데이터기준일자>2013-12-31</데이터기준일자>
</Row>
<Row>
<구분>칠성동</구분>
<통>35</통>
<반>225</반>
<세대수>7877</세대수>
<인구수>20529</인구수>
<남>10032</남>
<여>10497</여>
<전월대비세대증감>18</전월대비세대증감>
<전월대비인구증감>-5</전월대비인구증감>
<데이터기준일자>2013-12-31</데이터기준일자>
</Row>
<Row>
<구분>침산1동</구분>
<통>18</통>
<반>87</반>
<세대수>2381</세대수>
<인구수>5545</인구수>
<남>2973</남>
<여>2572</여>
<전월대비세대증감>-2</전월대비세대증감>
<전월대비인구증감>-35</전월대비인구증감>
<데이터기준일자>2013-12-31</데이터기준일자>
</Row>
<Row>
<구분>침산2동</구분>
<통>22</통>
<반>139</반>
<세대수>5539</세대수>
<인구수>16713</인구수>
<남>8199</남>
<여>8514</여>
<전월대비세대증감>8</전월대비세대증감>
<전월대비인구증감>-5</전월대비인구증감>
<데이터기준일자>2013-12-31</데이터기준일자>
</Row>
<Row>
<구분>침산3동</구분>
<통>30</통>
<반>204</반>
<세대수>7425</세대수>
<인구수>22162</인구수>
<남>10867</남>
<여>11295</여>
<전월대비세대증감>69</전월대비세대증감>
<전월대비인구증감>187</전월대비인구증감>
<데이터기준일자>2013-12-31</데이터기준일자>
</Row>
<Row>
<구분>노원동</구분>
<통>32</통>
<반>172</반>
<세대수>5312</세대수>
<인구수>11908</인구수>
<남>6335</남>
<여>5573</여>
<전월대비세대증감>-7</전월대비세대증감>
<전월대비인구증감>-38</전월대비인구증감>
<데이터기준일자>2013-12-31</데이터기준일자>
</Row>
<Row>
<구분>산격1동</구분>
<통>27</통>
<반>159</반>
<세대수>5720</세대수>
<인구수>12207</인구수>
<남>6069</남>
<여>6138</여>
<전월대비세대증감>2</전월대비세대증감>
<전월대비인구증감>-35</전월대비인구증감>
<데이터기준일자>2013-12-31</데이터기준일자>
</Row>
<Row>
<구분>산격2동</구분>
<통>21</통>
<반>142</반>
<세대수>4723</세대수>
<인구수>13334</인구수>
<남>6734</남>
<여>6600</여>
<전월대비세대증감>3</전월대비세대증감>
<전월대비인구증감>-32</전월대비인구증감>
<데이터기준일자>2013-12-31</데이터기준일자>
</Row>
<Row>
<구분>산격3동</구분>
<통>24</통>
<반>127</반>
<세대수>4729</세대수>
<인구수>9775</인구수>
<남>4957</남>
<여>4818</여>
<전월대비세대증감>-4</전월대비세대증감>
<전월대비인구증감>-41</전월대비인구증감>
<데이터기준일자>2013-12-31</데이터기준일자>
</Row>
<Row>
<구분>산격4동</구분>
<통>21</통>
<반>126</반>
<세대수>4437</세대수>
<인구수>10239</인구수>
<남>5256</남>
<여>4983</여>
<전월대비세대증감>-8</전월대비세대증감>
<전월대비인구증감>-36</전월대비인구증감>
<데이터기준일자>2013-12-31</데이터기준일자>
</Row>
<Row>
<구분>대현동</구분>
<통>33</통>
<반>202</반>
<세대수>7956</세대수>
<인구수>18107</인구수>
<남>9165</남>
<여>8942</여>
<전월대비세대증감>5</전월대비세대증감>
<전월대비인구증감>-5</전월대비인구증감>
<데이터기준일자>2013-12-31</데이터기준일자>
</Row>
<Row>
<구분>복현1동</구분>
<통>15</통>
<반>79</반>
<세대수>3716</세대수>
<인구수>7496</인구수>
<남>3928</남>
<여>3568</여>
<전월대비세대증감>10</전월대비세대증감>
<전월대비인구증감>11</전월대비인구증감>
<데이터기준일자>2013-12-31</데이터기준일자>
</Row>
<Row>
<구분>복현2동</구분>
<통>38</통>
<반>275</반>
<세대수>10066</세대수>
<인구수>28786</인구수>
<남>14308</남>
<여>14478</여>
<전월대비세대증감>3</전월대비세대증감>
<전월대비인구증감>-40</전월대비인구증감>
<데이터기준일자>2013-12-31</데이터기준일자>
</Row>
<Row>
<구분>검단동</구분>
<통>16</통>
<반>95</반>
<세대수>3341</세대수>
<인구수>8713</인구수>
<남>4485</남>
<여>4228</여>
<전월대비세대증감>-4</전월대비세대증감>
<전월대비인구증감>-14</전월대비인구증감>
<데이터기준일자>2013-12-31</데이터기준일자>
</Row>
<Row>
<구분>무태조야동</구분>
<통>42</통>
<반>244</반>
<세대수>11712</세대수>
<인구수>31494</인구수>
<남>16060</남>
<여>15434</여>
<전월대비세대증감>-3</전월대비세대증감>
<전월대비인구증감>-37</전월대비인구증감>
<데이터기준일자>2013-12-31</데이터기준일자>
</Row>
<Row>
<구분>관문동</구분>
<통>29</통>
<반>168</반>
<세대수>6268</세대수>
<인구수>18038</인구수>
<남>9103</남>
<여>8935</여>
<전월대비세대증감>18</전월대비세대증감>
<전월대비인구증감>9</전월대비인구증감>
<데이터기준일자>2013-12-31</데이터기준일자>
</Row>
<Row>
<구분>태전1동</구분>
<통>31</통>
<반>197</반>
<세대수>8953</세대수>
<인구수>23695</인구수>
<남>11988</남>
<여>11707</여>
<전월대비세대증감>-21</전월대비세대증감>
<전월대비인구증감>-75</전월대비인구증감>
<데이터기준일자>2013-12-31</데이터기준일자>
</Row>
<Row>
<구분>태전2동</구분>
<통>35</통>
<반>230</반>
<세대수>9345</세대수>
<인구수>25902</인구수>
<남>12914</남>
<여>12988</여>
<전월대비세대증감>-1</전월대비세대증감>
<전월대비인구증감>-78</전월대비인구증감>
<데이터기준일자>2013-12-31</데이터기준일자>
</Row>
<Row>
<구분>구암동</구분>
<통>47</통>
<반>336</반>
<세대수>13693</세대수>
<인구수>41995</인구수>
<남>20916</남>
<여>21079</여>
<전월대비세대증감>-16</전월대비세대증감>
<전월대비인구증감>-159</전월대비인구증감>
<데이터기준일자>2013-12-31</데이터기준일자>
</Row>
<Row>
<구분>관음동</구분>
<통>29</통>
<반>192</반>
<세대수>8005</세대수>
<인구수>21612</인구수>
<남>10815</남>
<여>10797</여>
<전월대비세대증감>8</전월대비세대증감>
<전월대비인구증감>-28</전월대비인구증감>
<데이터기준일자>2013-12-31</데이터기준일자>
</Row>
<Row>
<구분>읍내동</구분>
<통>39</통>
<반>237</반>
<세대수>10629</세대수>
<인구수>29705</인구수>
<남>14813</남>
<여>14892</여>
<전월대비세대증감>10</전월대비세대증감>
<전월대비인구증감>-27</전월대비인구증감>
<데이터기준일자>2013-12-31</데이터기준일자>
</Row>
<Row>
<구분>동천동</구분>
<통>33</통>
<반>249</반>
<세대수>10560</세대수>
<인구수>32644</인구수>
<남>15925</남>
<여>16719</여>
<전월대비세대증감>1</전월대비세대증감>
<전월대비인구증감>-67</전월대비인구증감>
<데이터기준일자>2013-12-31</데이터기준일자>
</Row>
<Row>
<구분>국우동</구분>
<통>34</통>
<반>210</반>
<세대수>9590</세대수>
<인구수>26968</인구수>
<남>13505</남>
<여>13463</여>
<전월대비세대증감>15</전월대비세대증감>
<전월대비인구증감>-16</전월대비인구증감>
<데이터기준일자>2013-12-31</데이터기준일자>
</Row>
</root>
