<?xml version="1.0" encoding="UTF-8"?>
<root>
<header>
<header>구분</header>
<header>통</header>
<header>반</header>
<header>세대수</header>
<header>계</header>
<header>남</header>
<header>여</header>
<header>전월대비세대증감</header>
<header>전월대비인구증감</header>
<header>데이터기준일자</header>
</header>
<Row>
<구분>고성동</구분>
<통>19</통>
<반>109</반>
<세대수>2684</세대수>
<계>5590</계>
<남>2834</남>
<여>2756</여>
<전월대비세대증감>-66</전월대비세대증감>
<전월대비인구증감>-220</전월대비인구증감>
<데이터기준일자>2017-02-28</데이터기준일자>
</Row>
<Row>
<구분>칠성동</구분>
<통>36</통>
<반>240</반>
<세대수>8852</세대수>
<계>21791</계>
<남>10606</남>
<여>11185</여>
<전월대비세대증감>9</전월대비세대증감>
<전월대비인구증감>-29</전월대비인구증감>
<데이터기준일자>2017-02-28</데이터기준일자>
</Row>
<Row>
<구분>침산1동</구분>
<통>18</통>
<반>87</반>
<세대수>2145</세대수>
<계>4811</계>
<남>2570</남>
<여>2241</여>
<전월대비세대증감>3</전월대비세대증감>
<전월대비인구증감>-5</전월대비인구증감>
<데이터기준일자>2017-02-28</데이터기준일자>
</Row>
<Row>
<구분>침산2동</구분>
<통>22</통>
<반>141</반>
<세대수>5709</세대수>
<계>16880</계>
<남>8217</남>
<여>8663</여>
<전월대비세대증감>5</전월대비세대증감>
<전월대비인구증감>-6</전월대비인구증감>
<데이터기준일자>2017-02-28</데이터기준일자>
</Row>
<Row>
<구분>침산3동</구분>
<통>30</통>
<반>204</반>
<세대수>7416</세대수>
<계>21583</계>
<남>10518</남>
<여>11065</여>
<전월대비세대증감>0</전월대비세대증감>
<전월대비인구증감>24</전월대비인구증감>
<데이터기준일자>2017-02-28</데이터기준일자>
</Row>
<Row>
<구분>노원동</구분>
<통>31</통>
<반>171</반>
<세대수>5048</세대수>
<계>10636</계>
<남>5660</남>
<여>4976</여>
<전월대비세대증감>-23</전월대비세대증감>
<전월대비인구증감>-55</전월대비인구증감>
<데이터기준일자>2017-02-28</데이터기준일자>
</Row>
<Row>
<구분>산격1동</구분>
<통>27</통>
<반>159</반>
<세대수>5472</세대수>
<계>11009</계>
<남>5487</남>
<여>5522</여>
<전월대비세대증감>-4</전월대비세대증감>
<전월대비인구증감>-31</전월대비인구증감>
<데이터기준일자>2017-02-28</데이터기준일자>
</Row>
<Row>
<구분>산격2동</구분>
<통>21</통>
<반>142</반>
<세대수>4680</세대수>
<계>12284</계>
<남>6176</남>
<여>6108</여>
<전월대비세대증감>-8</전월대비세대증감>
<전월대비인구증감>-37</전월대비인구증감>
<데이터기준일자>2017-02-28</데이터기준일자>
</Row>
<Row>
<구분>산격3동</구분>
<통>24</통>
<반>127</반>
<세대수>4902</세대수>
<계>9092</계>
<남>4651</남>
<여>4441</여>
<전월대비세대증감>63</전월대비세대증감>
<전월대비인구증감>53</전월대비인구증감>
<데이터기준일자>2017-02-28</데이터기준일자>
</Row>
<Row>
<구분>산격4동</구분>
<통>21</통>
<반>126</반>
<세대수>4277</세대수>
<계>9370</계>
<남>4843</남>
<여>4527</여>
<전월대비세대증감>-21</전월대비세대증감>
<전월대비인구증감>-64</전월대비인구증감>
<데이터기준일자>2017-02-28</데이터기준일자>
</Row>
<Row>
<구분>대 현 동</구분>
<통>32</통>
<반>198</반>
<세대수>8896</세대수>
<계>19775</계>
<남>9907</남>
<여>9868</여>
<전월대비세대증감>23</전월대비세대증감>
<전월대비인구증감>-16</전월대비인구증감>
<데이터기준일자>2017-02-28</데이터기준일자>
</Row>
<Row>
<구분>복현1동</구분>
<통>15</통>
<반>79</반>
<세대수>3985</세대수>
<계>7229</계>
<남>3911</남>
<여>3318</여>
<전월대비세대증감>14</전월대비세대증감>
<전월대비인구증감>13</전월대비인구증감>
<데이터기준일자>2017-02-28</데이터기준일자>
</Row>
<Row>
<구분>복현2동</구분>
<통>37</통>
<반>272</반>
<세대수>11476</세대수>
<계>31584</계>
<남>15643</남>
<여>15941</여>
<전월대비세대증감>5</전월대비세대증감>
<전월대비인구증감>-93</전월대비인구증감>
<데이터기준일자>2017-02-28</데이터기준일자>
</Row>
<Row>
<구분>검단동</구분>
<통>16</통>
<반>95</반>
<세대수>3239</세대수>
<계>7796</계>
<남>3959</남>
<여>3837</여>
<전월대비세대증감>-2</전월대비세대증감>
<전월대비인구증감>-3</전월대비인구증감>
<데이터기준일자>2017-02-28</데이터기준일자>
</Row>
<Row>
<구분>무태조야동</구분>
<통>42</통>
<반>244</반>
<세대수>11458</세대수>
<계>29850</계>
<남>15229</남>
<여>14621</여>
<전월대비세대증감>-15</전월대비세대증감>
<전월대비인구증감>-29</전월대비인구증감>
<데이터기준일자>2017-02-28</데이터기준일자>
</Row>
<Row>
<구분>관문동</구분>
<통>45</통>
<반>240</반>
<세대수>10886</세대수>
<계>28077</계>
<남>14023</남>
<여>14054</여>
<전월대비세대증감>304</전월대비세대증감>
<전월대비인구증감>569</전월대비인구증감>
<데이터기준일자>2017-02-28</데이터기준일자>
</Row>
<Row>
<구분>태전1동</구분>
<통>32</통>
<반>205</반>
<세대수>9476</세대수>
<계>23939</계>
<남>12117</남>
<여>11822</여>
<전월대비세대증감>39</전월대비세대증감>
<전월대비인구증감>11</전월대비인구증감>
<데이터기준일자>2017-02-28</데이터기준일자>
</Row>
<Row>
<구분>태전2동</구분>
<통>35</통>
<반>230</반>
<세대수>9359</세대수>
<계>24241</계>
<남>12008</남>
<여>12233</여>
<전월대비세대증감>15</전월대비세대증감>
<전월대비인구증감>-65</전월대비인구증감>
<데이터기준일자>2017-02-28</데이터기준일자>
</Row>
<Row>
<구분>구암동</구분>
<통>45</통>
<반>314</반>
<세대수>13462</세대수>
<계>39659</계>
<남>19686</남>
<여>19973</여>
<전월대비세대증감>-10</전월대비세대증감>
<전월대비인구증감>-109</전월대비인구증감>
<데이터기준일자>2017-02-28</데이터기준일자>
</Row>
<Row>
<구분>관음동</구분>
<통>29</통>
<반>192</반>
<세대수>7619</세대수>
<계>19428</계>
<남>9673</남>
<여>9755</여>
<전월대비세대증감>-15</전월대비세대증감>
<전월대비인구증감>-81</전월대비인구증감>
<데이터기준일자>2017-02-28</데이터기준일자>
</Row>
<Row>
<구분>읍내동</구분>
<통>40</통>
<반>231</반>
<세대수>10551</세대수>
<계>27963</계>
<남>13955</남>
<여>14008</여>
<전월대비세대증감>-39</전월대비세대증감>
<전월대비인구증감>-122</전월대비인구증감>
<데이터기준일자>2017-02-28</데이터기준일자>
</Row>
<Row>
<구분>동천동</구분>
<통>35</통>
<반>252</반>
<세대수>10449</세대수>
<계>31270</계>
<남>15272</남>
<여>15998</여>
<전월대비세대증감>-10</전월대비세대증감>
<전월대비인구증감>-89</전월대비인구증감>
<데이터기준일자>2017-02-28</데이터기준일자>
</Row>
<Row>
<구분>국우동</구분>
<통>34</통>
<반>210</반>
<세대수>9626</세대수>
<계>26030</계>
<남>13027</남>
<여>13003</여>
<전월대비세대증감>-12</전월대비세대증감>
<전월대비인구증감>-122</전월대비인구증감>
<데이터기준일자>2017-02-28</데이터기준일자>
</Row>
</root>
