<?xml version="1.0" encoding="UTF-8"?>
<root>
<header>
<header>구분</header>
<header>통</header>
<header>반</header>
<header>세대수</header>
<header>인구수</header>
<header>남</header>
<header>여</header>
<header>전월대비세대증감</header>
<header>전월대비인구증감</header>
<header>데이터기준일자</header>
</header>
<Row>
<구분>고성동</구분>
<통>19</통>
<반>110</반>
<세대수>3037</세대수>
<인구수>6692</인구수>
<남>3368</남>
<여>3324</여>
<전월대비세대증감>-15</전월대비세대증감>
<전월대비인구증감>-49</전월대비인구증감>
<데이터기준일자>2014-04-30</데이터기준일자>
</Row>
<Row>
<구분>칠성동</구분>
<통>35</통>
<반>225</반>
<세대수>8006</세대수>
<인구수>20586</인구수>
<남>10064</남>
<여>10522</여>
<전월대비세대증감>21</전월대비세대증감>
<전월대비인구증감>-11</전월대비인구증감>
<데이터기준일자>2014-04-30</데이터기준일자>
</Row>
<Row>
<구분>침산1동</구분>
<통>18</통>
<반>87</반>
<세대수>2349</세대수>
<인구수>5479</인구수>
<남>2927</남>
<여>2552</여>
<전월대비세대증감>-11</전월대비세대증감>
<전월대비인구증감>-24</전월대비인구증감>
<데이터기준일자>2014-04-30</데이터기준일자>
</Row>
<Row>
<구분>침산2동</구분>
<통>22</통>
<반>140</반>
<세대수>5708</세대수>
<인구수>17179</인구수>
<남>8456</남>
<여>8723</여>
<전월대비세대증감>97</전월대비세대증감>
<전월대비인구증감>269</전월대비인구증감>
<데이터기준일자>2014-04-30</데이터기준일자>
</Row>
<Row>
<구분>침산3동</구분>
<통>30</통>
<반>204</반>
<세대수>7489</세대수>
<인구수>22201</인구수>
<남>10869</남>
<여>11332</여>
<전월대비세대증감>-6</전월대비세대증감>
<전월대비인구증감>-92</전월대비인구증감>
<데이터기준일자>2014-04-30</데이터기준일자>
</Row>
<Row>
<구분>노원동</구분>
<통>32</통>
<반>172</반>
<세대수>5274</세대수>
<인구수>11743</인구수>
<남>6234</남>
<여>5509</여>
<전월대비세대증감>-23</전월대비세대증감>
<전월대비인구증감>-59</전월대비인구증감>
<데이터기준일자>2014-04-30</데이터기준일자>
</Row>
<Row>
<구분>산격1동</구분>
<통>27</통>
<반>159</반>
<세대수>5699</세대수>
<인구수>12020</인구수>
<남>5962</남>
<여>6058</여>
<전월대비세대증감>-9</전월대비세대증감>
<전월대비인구증감>-44</전월대비인구증감>
<데이터기준일자>2014-04-30</데이터기준일자>
</Row>
<Row>
<구분>산격2동</구분>
<통>21</통>
<반>142</반>
<세대수>4676</세대수>
<인구수>13034</인구수>
<남>6590</남>
<여>6444</여>
<전월대비세대증감>-2</전월대비세대증감>
<전월대비인구증감>-47</전월대비인구증감>
<데이터기준일자>2014-04-30</데이터기준일자>
</Row>
<Row>
<구분>산격3동</구분>
<통>24</통>
<반>127</반>
<세대수>4729</세대수>
<인구수>9654</인구수>
<남>4881</남>
<여>4773</여>
<전월대비세대증감>-22</전월대비세대증감>
<전월대비인구증감>-57</전월대비인구증감>
<데이터기준일자>2014-04-30</데이터기준일자>
</Row>
<Row>
<구분>산격4동</구분>
<통>21</통>
<반>126</반>
<세대수>4406</세대수>
<인구수>10093</인구수>
<남>5171</남>
<여>4922</여>
<전월대비세대증감>-18</전월대비세대증감>
<전월대비인구증감>-53</전월대비인구증감>
<데이터기준일자>2014-04-30</데이터기준일자>
</Row>
<Row>
<구분>대현동</구분>
<통>33</통>
<반>202</반>
<세대수>7934</세대수>
<인구수>18004</인구수>
<남>9084</남>
<여>8920</여>
<전월대비세대증감>-20</전월대비세대증감>
<전월대비인구증감>-7</전월대비인구증감>
<데이터기준일자>2014-04-30</데이터기준일자>
</Row>
<Row>
<구분>복현1동</구분>
<통>15</통>
<반>79</반>
<세대수>3748</세대수>
<인구수>7368</인구수>
<남>3892</남>
<여>3476</여>
<전월대비세대증감>-3</전월대비세대증감>
<전월대비인구증감>-31</전월대비인구증감>
<데이터기준일자>2014-04-30</데이터기준일자>
</Row>
<Row>
<구분>복현2동</구분>
<통>38</통>
<반>274</반>
<세대수>11003</세대수>
<인구수>31300</인구수>
<남>15555</남>
<여>15745</여>
<전월대비세대증감>169</전월대비세대증감>
<전월대비인구증감>533</전월대비인구증감>
<데이터기준일자>2014-04-30</데이터기준일자>
</Row>
<Row>
<구분>검단동</구분>
<통>16</통>
<반>95</반>
<세대수>3317</세대수>
<인구수>8522</인구수>
<남>4384</남>
<여>4138</여>
<전월대비세대증감>-4</전월대비세대증감>
<전월대비인구증감>-33</전월대비인구증감>
<데이터기준일자>2014-04-30</데이터기준일자>
</Row>
<Row>
<구분>무태조야동</구분>
<통>42</통>
<반>244</반>
<세대수>11675</세대수>
<인구수>31131</인구수>
<남>15891</남>
<여>15240</여>
<전월대비세대증감>43</전월대비세대증감>
<전월대비인구증감>57</전월대비인구증감>
<데이터기준일자>2014-04-30</데이터기준일자>
</Row>
<Row>
<구분>관문동</구분>
<통>29</통>
<반>168</반>
<세대수>6237</세대수>
<인구수>17851</인구수>
<남>8992</남>
<여>8859</여>
<전월대비세대증감>-7</전월대비세대증감>
<전월대비인구증감>-31</전월대비인구증감>
<데이터기준일자>2014-04-30</데이터기준일자>
</Row>
<Row>
<구분>태전1동</구분>
<통>31</통>
<반>197</반>
<세대수>8931</세대수>
<인구수>23466</인구수>
<남>11853</남>
<여>11613</여>
<전월대비세대증감>13</전월대비세대증감>
<전월대비인구증감>-4</전월대비인구증감>
<데이터기준일자>2014-04-30</데이터기준일자>
</Row>
<Row>
<구분>태전2동</구분>
<통>35</통>
<반>230</반>
<세대수>9334</세대수>
<인구수>25823</인구수>
<남>12893</남>
<여>12930</여>
<전월대비세대증감>-8</전월대비세대증감>
<전월대비인구증감>-13</전월대비인구증감>
<데이터기준일자>2014-04-30</데이터기준일자>
</Row>
<Row>
<구분>구암동</구분>
<통>47</통>
<반>336</반>
<세대수>13624</세대수>
<인구수>41714</인구수>
<남>20771</남>
<여>20943</여>
<전월대비세대증감>-5</전월대비세대증감>
<전월대비인구증감>-71</전월대비인구증감>
<데이터기준일자>2014-04-30</데이터기준일자>
</Row>
<Row>
<구분>관음동</구분>
<통>29</통>
<반>192</반>
<세대수>7989</세대수>
<인구수>21378</인구수>
<남>10674</남>
<여>10704</여>
<전월대비세대증감>35</전월대비세대증감>
<전월대비인구증감>20</전월대비인구증감>
<데이터기준일자>2014-04-30</데이터기준일자>
</Row>
<Row>
<구분>읍내동</구분>
<통>39</통>
<반>237</반>
<세대수>10630</세대수>
<인구수>29492</인구수>
<남>14739</남>
<여>14753</여>
<전월대비세대증감>-8</전월대비세대증감>
<전월대비인구증감>-33</전월대비인구증감>
<데이터기준일자>2014-04-30</데이터기준일자>
</Row>
<Row>
<구분>동천동</구분>
<통>33</통>
<반>249</반>
<세대수>10504</세대수>
<인구수>32394</인구수>
<남>15816</남>
<여>16578</여>
<전월대비세대증감>-5</전월대비세대증감>
<전월대비인구증감>-15</전월대비인구증감>
<데이터기준일자>2014-04-30</데이터기준일자>
</Row>
<Row>
<구분>국우동</구분>
<통>34</통>
<반>210</반>
<세대수>9556</세대수>
<인구수>26779</인구수>
<남>13406</남>
<여>13373</여>
<전월대비세대증감>7</전월대비세대증감>
<전월대비인구증감>4</전월대비인구증감>
<데이터기준일자>2014-04-30</데이터기준일자>
</Row>
</root>
