<?xml version="1.0" encoding="UTF-8"?>
<root>
<header>
<header>구분</header>
<header>통</header>
<header>반</header>
<header>세대수</header>
<header>계</header>
<header>남</header>
<header>여</header>
<header>전월대비세대증감</header>
<header>전월대비인구증감</header>
<header>데이터기준일자</header>
</header>
<Row>
<구분>고성동</구분>
<통>19</통>
<반>109</반>
<세대수>2750</세대수>
<계>5810</계>
<남>2931</남>
<여>2879</여>
<전월대비세대증감>-47</전월대비세대증감>
<전월대비인구증감>-133</전월대비인구증감>
<데이터기준일자>2017-01-31</데이터기준일자>
</Row>
<Row>
<구분>칠성동</구분>
<통>36</통>
<반>240</반>
<세대수>8843</세대수>
<계>21820</계>
<남>10628</남>
<여>11192</여>
<전월대비세대증감>-8</전월대비세대증감>
<전월대비인구증감>-28</전월대비인구증감>
<데이터기준일자>2017-01-31</데이터기준일자>
</Row>
<Row>
<구분>침산1동</구분>
<통>18</통>
<반>87</반>
<세대수>2142</세대수>
<계>4816</계>
<남>2565</남>
<여>2251</여>
<전월대비세대증감>-8</전월대비세대증감>
<전월대비인구증감>-28</전월대비인구증감>
<데이터기준일자>2017-01-31</데이터기준일자>
</Row>
<Row>
<구분>침산2동</구분>
<통>22</통>
<반>141</반>
<세대수>5704</세대수>
<계>16886</계>
<남>8217</남>
<여>8669</여>
<전월대비세대증감>4</전월대비세대증감>
<전월대비인구증감>-17</전월대비인구증감>
<데이터기준일자>2017-01-31</데이터기준일자>
</Row>
<Row>
<구분>침산3동</구분>
<통>30</통>
<반>204</반>
<세대수>7416</세대수>
<계>21559</계>
<남>10519</남>
<여>11040</여>
<전월대비세대증감>5</전월대비세대증감>
<전월대비인구증감>4</전월대비인구증감>
<데이터기준일자>2017-01-31</데이터기준일자>
</Row>
<Row>
<구분>노원동</구분>
<통>31</통>
<반>171</반>
<세대수>5071</세대수>
<계>10691</계>
<남>5702</남>
<여>4989</여>
<전월대비세대증감>-12</전월대비세대증감>
<전월대비인구증감>-30</전월대비인구증감>
<데이터기준일자>2017-01-31</데이터기준일자>
</Row>
<Row>
<구분>산격1동</구분>
<통>27</통>
<반>159</반>
<세대수>5476</세대수>
<계>11040</계>
<남>5488</남>
<여>5552</여>
<전월대비세대증감>-2</전월대비세대증감>
<전월대비인구증감>-45</전월대비인구증감>
<데이터기준일자>2017-01-31</데이터기준일자>
</Row>
<Row>
<구분>산격2동</구분>
<통>21</통>
<반>142</반>
<세대수>4688</세대수>
<계>12321</계>
<남>6195</남>
<여>6126</여>
<전월대비세대증감>-1</전월대비세대증감>
<전월대비인구증감>-25</전월대비인구증감>
<데이터기준일자>2017-01-31</데이터기준일자>
</Row>
<Row>
<구분>산격3동</구분>
<통>24</통>
<반>127</반>
<세대수>4839</세대수>
<계>9039</계>
<남>4629</남>
<여>4410</여>
<전월대비세대증감>-32</전월대비세대증감>
<전월대비인구증감>-83</전월대비인구증감>
<데이터기준일자>2017-01-31</데이터기준일자>
</Row>
<Row>
<구분>산격4동</구분>
<통>21</통>
<반>126</반>
<세대수>4298</세대수>
<계>9434</계>
<남>4881</남>
<여>4553</여>
<전월대비세대증감>-9</전월대비세대증감>
<전월대비인구증감>-47</전월대비인구증감>
<데이터기준일자>2017-01-31</데이터기준일자>
</Row>
<Row>
<구분>대 현 동</구분>
<통>32</통>
<반>198</반>
<세대수>8873</세대수>
<계>19791</계>
<남>9905</남>
<여>9886</여>
<전월대비세대증감>-6</전월대비세대증감>
<전월대비인구증감>-37</전월대비인구증감>
<데이터기준일자>2017-01-31</데이터기준일자>
</Row>
<Row>
<구분>복현1동</구분>
<통>15</통>
<반>79</반>
<세대수>3971</세대수>
<계>7216</계>
<남>3898</남>
<여>3318</여>
<전월대비세대증감>-28</전월대비세대증감>
<전월대비인구증감>-24</전월대비인구증감>
<데이터기준일자>2017-01-31</데이터기준일자>
</Row>
<Row>
<구분>복현2동</구분>
<통>37</통>
<반>272</반>
<세대수>11471</세대수>
<계>31677</계>
<남>15697</남>
<여>15980</여>
<전월대비세대증감>-26</전월대비세대증감>
<전월대비인구증감>-10</전월대비인구증감>
<데이터기준일자>2017-01-31</데이터기준일자>
</Row>
<Row>
<구분>검단동</구분>
<통>16</통>
<반>95</반>
<세대수>3241</세대수>
<계>7799</계>
<남>3965</남>
<여>3834</여>
<전월대비세대증감>-22</전월대비세대증감>
<전월대비인구증감>-75</전월대비인구증감>
<데이터기준일자>2017-01-31</데이터기준일자>
</Row>
<Row>
<구분>무태조야동</구분>
<통>42</통>
<반>244</반>
<세대수>11473</세대수>
<계>29879</계>
<남>15236</남>
<여>14643</여>
<전월대비세대증감>-14</전월대비세대증감>
<전월대비인구증감>-52</전월대비인구증감>
<데이터기준일자>2017-01-31</데이터기준일자>
</Row>
<Row>
<구분>관문동</구분>
<통>45</통>
<반>240</반>
<세대수>10582</세대수>
<계>27508</계>
<남>13756</남>
<여>13752</여>
<전월대비세대증감>544</전월대비세대증감>
<전월대비인구증감>1037</전월대비인구증감>
<데이터기준일자>2017-01-31</데이터기준일자>
</Row>
<Row>
<구분>태전1동</구분>
<통>32</통>
<반>205</반>
<세대수>9437</세대수>
<계>23928</계>
<남>12129</남>
<여>11799</여>
<전월대비세대증감>-54</전월대비세대증감>
<전월대비인구증감>-101</전월대비인구증감>
<데이터기준일자>2017-01-31</데이터기준일자>
</Row>
<Row>
<구분>태전2동</구분>
<통>35</통>
<반>230</반>
<세대수>9344</세대수>
<계>24306</계>
<남>12045</남>
<여>12261</여>
<전월대비세대증감>-25</전월대비세대증감>
<전월대비인구증감>-96</전월대비인구증감>
<데이터기준일자>2017-01-31</데이터기준일자>
</Row>
<Row>
<구분>구암동</구분>
<통>45</통>
<반>314</반>
<세대수>13472</세대수>
<계>39768</계>
<남>19734</남>
<여>20034</여>
<전월대비세대증감>-10</전월대비세대증감>
<전월대비인구증감>-86</전월대비인구증감>
<데이터기준일자>2017-01-31</데이터기준일자>
</Row>
<Row>
<구분>관음동</구분>
<통>29</통>
<반>192</반>
<세대수>7634</세대수>
<계>19509</계>
<남>9719</남>
<여>9790</여>
<전월대비세대증감>-19</전월대비세대증감>
<전월대비인구증감>-32</전월대비인구증감>
<데이터기준일자>2017-01-31</데이터기준일자>
</Row>
<Row>
<구분>읍내동</구분>
<통>40</통>
<반>231</반>
<세대수>10590</세대수>
<계>28085</계>
<남>14020</남>
<여>14065</여>
<전월대비세대증감>3</전월대비세대증감>
<전월대비인구증감>-11</전월대비인구증감>
<데이터기준일자>2017-01-31</데이터기준일자>
</Row>
<Row>
<구분>동천동</구분>
<통>33</통>
<반>249</반>
<세대수>10459</세대수>
<계>31359</계>
<남>15338</남>
<여>16021</여>
<전월대비세대증감>9</전월대비세대증감>
<전월대비인구증감>-22</전월대비인구증감>
<데이터기준일자>2017-01-31</데이터기준일자>
</Row>
<Row>
<구분>국우동</구분>
<통>34</통>
<반>210</반>
<세대수>9638</세대수>
<계>26152</계>
<남>13097</남>
<여>13055</여>
<전월대비세대증감>-11</전월대비세대증감>
<전월대비인구증감>-49</전월대비인구증감>
<데이터기준일자>2017-01-31</데이터기준일자>
</Row>
</root>
