<?xml version="1.0" encoding="UTF-8"?>
<root>
<header>
<header>구분</header>
<header>통</header>
<header>반</header>
<header>세대수</header>
<header>인구수</header>
<header>남</header>
<header>여</header>
<header>전월대비세대증감</header>
<header>전월대비인구증감</header>
<header>데이터기준일자</header>
</header>
<Row>
<구분>고성동</구분>
<통>19</통>
<반>110</반>
<세대수>3043</세대수>
<인구수>6733</인구수>
<남>3391</남>
<여>3342</여>
<전월대비세대증감>-13</전월대비세대증감>
<전월대비인구증감>-52</전월대비인구증감>
<데이터기준일자>2014-02-28</데이터기준일자>
</Row>
<Row>
<구분>칠성동</구분>
<통>35</통>
<반>225</반>
<세대수>7932</세대수>
<인구수>20532</인구수>
<남>10042</남>
<여>10490</여>
<전월대비세대증감>14</전월대비세대증감>
<전월대비인구증감>-26</전월대비인구증감>
<데이터기준일자>2014-02-28</데이터기준일자>
</Row>
<Row>
<구분>침산1동</구분>
<통>18</통>
<반>87</반>
<세대수>2367</세대수>
<인구수>5524</인구수>
<남>2966</남>
<여>2558</여>
<전월대비세대증감>-9</전월대비세대증감>
<전월대비인구증감>-15</전월대비인구증감>
<데이터기준일자>2014-02-28</데이터기준일자>
</Row>
<Row>
<구분>침산2동</구분>
<통>22</통>
<반>140</반>
<세대수>5517</세대수>
<인구수>16662</인구수>
<남>8177</남>
<여>8485</여>
<전월대비세대증감>-6</전월대비세대증감>
<전월대비인구증감>-32</전월대비인구증감>
<데이터기준일자>2014-02-28</데이터기준일자>
</Row>
<Row>
<구분>침산3동</구분>
<통>30</통>
<반>204</반>
<세대수>7462</세대수>
<인구수>22235</인구수>
<남>10888</남>
<여>11347</여>
<전월대비세대증감>11</전월대비세대증감>
<전월대비인구증감>14</전월대비인구증감>
<데이터기준일자>2014-02-28</데이터기준일자>
</Row>
<Row>
<구분>노원동</구분>
<통>32</통>
<반>172</반>
<세대수>5287</세대수>
<인구수>11803</인구수>
<남>6268</남>
<여>5535</여>
<전월대비세대증감>-10</전월대비세대증감>
<전월대비인구증감>-56</전월대비인구증감>
<데이터기준일자>2014-02-28</데이터기준일자>
</Row>
<Row>
<구분>산격1동</구분>
<통>27</통>
<반>159</반>
<세대수>5693</세대수>
<인구수>12094</인구수>
<남>6001</남>
<여>6093</여>
<전월대비세대증감>-19</전월대비세대증감>
<전월대비인구증감>-68</전월대비인구증감>
<데이터기준일자>2014-02-28</데이터기준일자>
</Row>
<Row>
<구분>산격2동</구분>
<통>21</통>
<반>142</반>
<세대수>4684</세대수>
<인구수>13137</인구수>
<남>6630</남>
<여>6507</여>
<전월대비세대증감>-20</전월대비세대증감>
<전월대비인구증감>-100</전월대비인구증감>
<데이터기준일자>2014-02-28</데이터기준일자>
</Row>
<Row>
<구분>산격3동</구분>
<통>24</통>
<반>127</반>
<세대수>4723</세대수>
<인구수>9720</인구수>
<남>4924</남>
<여>4796</여>
<전월대비세대증감>4</전월대비세대증감>
<전월대비인구증감>-18</전월대비인구증감>
<데이터기준일자>2014-02-28</데이터기준일자>
</Row>
<Row>
<구분>산격4동</구분>
<통>21</통>
<반>126</반>
<세대수>4429</세대수>
<인구수>10182</인구수>
<남>5219</남>
<여>4963</여>
<전월대비세대증감>-4</전월대비세대증감>
<전월대비인구증감>-30</전월대비인구증감>
<데이터기준일자>2014-02-28</데이터기준일자>
</Row>
<Row>
<구분>대현동</구분>
<통>33</통>
<반>202</반>
<세대수>7963</세대수>
<인구수>18026</인구수>
<남>9121</남>
<여>8905</여>
<전월대비세대증감>10</전월대비세대증감>
<전월대비인구증감>-53</전월대비인구증감>
<데이터기준일자>2014-02-28</데이터기준일자>
</Row>
<Row>
<구분>복현1동</구분>
<통>15</통>
<반>79</반>
<세대수>3750</세대수>
<인구수>7455</인구수>
<남>3915</남>
<여>3540</여>
<전월대비세대증감>25</전월대비세대증감>
<전월대비인구증감>-15</전월대비인구증감>
<데이터기준일자>2014-02-28</데이터기준일자>
</Row>
<Row>
<구분>복현2동</구분>
<통>38</통>
<반>274</반>
<세대수>10520</세대수>
<인구수>29952</인구수>
<남>14885</남>
<여>15067</여>
<전월대비세대증감>407</전월대비세대증감>
<전월대비인구증감>1125</전월대비인구증감>
<데이터기준일자>2014-02-28</데이터기준일자>
</Row>
<Row>
<구분>검단동</구분>
<통>16</통>
<반>95</반>
<세대수>3328</세대수>
<인구수>8599</인구수>
<남>4425</남>
<여>4174</여>
<전월대비세대증감>-11</전월대비세대증감>
<전월대비인구증감>-85</전월대비인구증감>
<데이터기준일자>2014-02-28</데이터기준일자>
</Row>
<Row>
<구분>무태조야동</구분>
<통>42</통>
<반>244</반>
<세대수>11629</세대수>
<인구수>31092</인구수>
<남>15867</남>
<여>15225</여>
<전월대비세대증감>-46</전월대비세대증감>
<전월대비인구증감>-283</전월대비인구증감>
<데이터기준일자>2014-02-28</데이터기준일자>
</Row>
<Row>
<구분>관문동</구분>
<통>29</통>
<반>168</반>
<세대수>6227</세대수>
<인구수>17890</인구수>
<남>9027</남>
<여>8863</여>
<전월대비세대증감>-20</전월대비세대증감>
<전월대비인구증감>-89</전월대비인구증감>
<데이터기준일자>2014-02-28</데이터기준일자>
</Row>
<Row>
<구분>태전1동</구분>
<통>31</통>
<반>197</반>
<세대수>8907</세대수>
<인구수>23475</인구수>
<남>11869</남>
<여>11606</여>
<전월대비세대증감>4</전월대비세대증감>
<전월대비인구증감>-73</전월대비인구증감>
<데이터기준일자>2014-02-28</데이터기준일자>
</Row>
<Row>
<구분>태전2동</구분>
<통>35</통>
<반>230</반>
<세대수>9332</세대수>
<인구수>25859</인구수>
<남>12890</남>
<여>12969</여>
<전월대비세대증감>4</전월대비세대증감>
<전월대비인구증감>-33</전월대비인구증감>
<데이터기준일자>2014-02-28</데이터기준일자>
</Row>
<Row>
<구분>구암동</구분>
<통>47</통>
<반>336</반>
<세대수>13642</세대수>
<인구수>41814</인구수>
<남>20831</남>
<여>20983</여>
<전월대비세대증감>-39</전월대비세대증감>
<전월대비인구증감>-140</전월대비인구증감>
<데이터기준일자>2014-02-28</데이터기준일자>
</Row>
<Row>
<구분>관음동</구분>
<통>29</통>
<반>192</반>
<세대수>7971</세대수>
<인구수>21405</인구수>
<남>10714</남>
<여>10691</여>
<전월대비세대증감>-17</전월대비세대증감>
<전월대비인구증감>-134</전월대비인구증감>
<데이터기준일자>2014-02-28</데이터기준일자>
</Row>
<Row>
<구분>읍내동</구분>
<통>39</통>
<반>237</반>
<세대수>10634</세대수>
<인구수>29562</인구수>
<남>14752</남>
<여>14810</여>
<전월대비세대증감>3</전월대비세대증감>
<전월대비인구증감>-69</전월대비인구증감>
<데이터기준일자>2014-02-28</데이터기준일자>
</Row>
<Row>
<구분>동천동</구분>
<통>33</통>
<반>249</반>
<세대수>10518</세대수>
<인구수>32473</인구수>
<남>15840</남>
<여>16633</여>
<전월대비세대증감>-31</전월대비세대증감>
<전월대비인구증감>-157</전월대비인구증감>
<데이터기준일자>2014-02-28</데이터기준일자>
</Row>
<Row>
<구분>국우동</구분>
<통>34</통>
<반>210</반>
<세대수>9546</세대수>
<인구수>26793</인구수>
<남>13436</남>
<여>13357</여>
<전월대비세대증감>-34</전월대비세대증감>
<전월대비인구증감>-112</전월대비인구증감>
<데이터기준일자>2014-02-28</데이터기준일자>
</Row>
</root>
